Status,Solve,Objval
OPTIMAL,2126.068116903305,171582.474634367
