Status,Solve,Objval
OPTIMAL,1160.4857358932495,155074.71470415345
