Status,Solve,Objval
OPTIMAL,2241.053087949753,151758.63443378246
