Status,Solve,Objval
OPTIMAL,2252.675194978714,141063.19871142646
