Status,Solve,Objval
OPTIMAL,1603.8628869056702,156746.1047188297
