Status,Solve,Objval
OPTIMAL,1970.9294369220734,144830.8505909074
