Status,Solve,Objval
OPTIMAL,569.4422979354858,107780.01438303318
