Status,Solve,Objval
OPTIMAL,9334.811986923218,143825.54965162635
