Status,Solve,Objval
OPTIMAL,1693.1296939849854,129616.46552531049
