Status,Solve,Objval
OPTIMAL,1809.6623849868774,145198.30151467578
