Status,Solve,Objval
OPTIMAL,2377.3787500858307,150337.378572147
